10, 8, D, 2, 1, 0.2, 0.5, 0.000367612, 0.348
10, 8, D, 2, 2, 0.2, 0.5, 0.000370502, 0.359167
10, 8, D, 2, 4, 0.2, 0.5, 0.00034076, 0.519833
10, 8, D, 2, 8, 0.2, 0.5, 0.000254393, 0.790333
10, 8, D, 2, 16, 0.2, 0.5, 4.15146e-05, 0
10, 8, D, 2, 32, 0.2, 0.5, 3.92497e-05, 0
10, 8, D, 2, 64, 0.2, 0.5, 3.47495e-05, 0
10, 8, D, 2, 128, 0.2, 0.5, 4.05014e-05, 0
10, 8, D, 2, 256, 0.2, 0.5, 3.54946e-05, 0
10, 8, D, 2, 512, 0.2, 0.5, 3.73721e-05, 0
10, 8, D, 4, 1, 0.2, 0.5, 0.000344008, 0.361667
10, 8, D, 4, 2, 0.2, 0.5, 0.000343859, 0.357833
10, 8, D, 4, 4, 0.2, 0.5, 0.000355363, 0.312833
10, 8, D, 4, 8, 0.2, 0.5, 0.000285149, 0.785833
10, 8, D, 4, 16, 0.2, 0.5, 4.78923e-05, 0
10, 8, D, 4, 32, 0.2, 0.5, 3.61204e-05, 0
10, 8, D, 4, 64, 0.2, 0.5, 3.53754e-05, 0
10, 8, D, 4, 128, 0.2, 0.5, 3.39746e-05, 0
10, 8, D, 4, 256, 0.2, 0.5, 3.69847e-05, 0
10, 8, D, 4, 512, 0.2, 0.5, 4.58658e-05, 0
10, 8, D, 6, 1, 0.2, 0.5, 0.00037998, 0.475
10, 8, D, 6, 2, 0.2, 0.5, 0.000340372, 0.408
10, 8, D, 6, 4, 0.2, 0.5, 0.000418633, 0.274
10, 8, D, 6, 8, 0.2, 0.5, 0.000315875, 0.8145
10, 8, D, 6, 16, 0.2, 0.5, 3.65078e-05, 0
10, 8, D, 6, 32, 0.2, 0.5, 3.76105e-05, 0
10, 8, D, 6, 64, 0.2, 0.5, 4.05014e-05, 0
10, 8, D, 6, 128, 0.2, 0.5, 3.81172e-05, 0
10, 8, D, 6, 256, 0.2, 0.5, 3.7998e-05, 0
10, 8, D, 6, 512, 0.2, 0.5, 0.000246644, 0
10, 8, D, 8, 1, 0.2, 0.5, 0.302625, 0.574
10, 8, D, 8, 2, 0.2, 0.5, 0.00069961, 0.448167
10, 8, D, 8, 4, 0.2, 0.5, 0.272539, 0.256333
10, 8, D, 8, 8, 0.2, 0.5, 0.000326484, 0.7745
10, 8, D, 8, 16, 0.2, 0.5, 3.25143e-05, 0
10, 8, D, 8, 32, 0.2, 0.5, 3.60012e-05, 0
10, 8, D, 8, 64, 0.2, 0.5, 4.33922e-05, 0
10, 8, D, 8, 128, 0.2, 0.5, 3.73721e-05, 0
10, 8, D, 8, 256, 0.2, 0.5, 4.20213e-05, 0
10, 8, D, 8, 512, 0.2, 0.5, 4.43757e-05, 0
10, 8, D, 10, 1, 0.2, 0.5, 0.000459373, 0.655
10, 8, D, 10, 2, 0.2, 0.5, 0.000383854, 0.465333
10, 8, D, 10, 4, 0.2, 0.5, 0.000388026, 0.249
10, 8, D, 10, 8, 0.2, 0.5, 0.000380605, 0.773167
10, 8, D, 10, 16, 0.2, 0.5, 4.24981e-05, 0
10, 8, D, 10, 32, 0.2, 0.5, 3.32594e-05, 0
10, 8, D, 10, 64, 0.2, 0.5, 4.02629e-05, 0
10, 8, D, 10, 128, 0.2, 0.5, 3.32594e-05, 0
10, 8, D, 10, 256, 0.2, 0.5, 3.26335e-05, 0
10, 8, D, 10, 512, 0.2, 0.5, 3.21269e-05, 0
50, 8, D, 10, 1, 0.2, 0.5, 0.000504732, 0.182767
50, 8, D, 10, 2, 0.2, 0.5, 0.000485897, 0.169448
50, 8, D, 10, 4, 0.2, 0.5, 0.000444502, 0.213211
50, 8, D, 10, 8, 0.2, 0.5, 0.000458002, 0.161156
50, 8, D, 10, 16, 0.2, 0.5, 0.000436634, 0.276874
50, 8, D, 10, 32, 0.2, 0.5, 0.000400126, 0.686346
50, 8, D, 10, 64, 0.2, 0.5, 3.41237e-05, 0
50, 8, D, 10, 128, 0.2, 0.5, 3.5882e-05, 0
50, 8, D, 10, 256, 0.2, 0.5, 3.47495e-05, 0
50, 8, D, 10, 512, 0.2, 0.5, 6.03795e-05, 0
50, 8, D, 20, 1, 0.2, 0.5, 0.00102437, 0.331133
50, 8, D, 20, 2, 0.2, 0.5, 0.000872999, 0.276533
50, 8, D, 20, 4, 0.2, 0.5, 0.00119773, 0.279254
50, 8, D, 20, 8, 0.2, 0.5, 0.000728875, 0.18173
50, 8, D, 20, 16, 0.2, 0.5, 0.000717878, 0.290363
50, 8, D, 20, 32, 0.2, 0.5, 0.0787154, 0.708561
50, 8, D, 20, 64, 0.2, 0.5, 3.53754e-05, 0
50, 8, D, 20, 128, 0.2, 0.5, 3.87728e-05, 0
50, 8, D, 20, 256, 0.2, 0.5, 3.81172e-05, 0
50, 8, D, 20, 512, 0.2, 0.5, 3.47495e-05, 0
50, 8, D, 30, 1, 0.2, 0.5, 0.00128648, 0.455933
50, 8, D, 30, 2, 0.2, 0.5, 0.0012565, 0.351433
50, 8, D, 30, 4, 0.2, 0.5, 0.00118339, 0.302942
50, 8, D, 30, 8, 0.2, 0.5, 0.00117388, 0.189812
50, 8, D, 30, 16, 0.2, 0.5, 0.234322, 0.295054
50, 8, D, 30, 32, 0.2, 0.5, 0.106079, 0.697563
50, 8, D, 30, 64, 0.2, 0.5, 3.57628e-05, 0
50, 8, D, 30, 128, 0.2, 0.5, 4.27365e-05, 0
50, 8, D, 30, 256, 0.2, 0.5, 4.01139e-05, 0
50, 8, D, 30, 512, 0.2, 0.5, 5.23925e-05, 0
50, 8, D, 40, 1, 0.2, 0.5, 0.00170264, 0.554033
50, 8, D, 40, 2, 0.2, 0.5, 0.0015876, 0.402933
50, 8, D, 40, 4, 0.2, 0.5, 0.349799, 0.313725
50, 8, D, 40, 8, 0.2, 0.5, 0.363801, 0.185411
50, 8, D, 40, 16, 0.2, 0.5, 0.00136527, 0.276619
50, 8, D, 40, 32, 0.2, 0.5, 0.00123912, 0.687156
50, 8, D, 40, 64, 0.2, 0.5, 3.63886e-05, 0
50, 8, D, 40, 128, 0.2, 0.5, 4.3869e-05, 0
50, 8, D, 40, 256, 0.2, 0.5, 9.09865e-05, 0
50, 8, D, 40, 512, 0.2, 0.5, 6.27339e-05, 0
50, 8, D, 50, 1, 0.2, 0.5, 0.20135, 0.636233
50, 8, D, 50, 2, 0.2, 0.5, 0.00187463, 0.434967
50, 8, D, 50, 4, 0.2, 0.5, 0.00174987, 0.32622
50, 8, D, 50, 8, 0.2, 0.5, 0.0755652, 0.195121
50, 8, D, 50, 16, 0.2, 0.5, 0.178038, 0.283489
50, 8, D, 50, 32, 0.2, 0.5, 0.032291, 0.676205
50, 8, D, 50, 64, 0.2, 0.5, 4.06504e-05, 0
50, 8, D, 50, 128, 0.2, 0.5, 4.46439e-05, 0
50, 8, D, 50, 256, 0.2, 0.5, 3.8743e-05, 0
50, 8, D, 50, 512, 0.2, 0.5, 3.45111e-05, 0
100, 8, D, 20, 1, 0.2, 0.5, 0.130682, 0.183133
100, 8, D, 20, 2, 0.2, 0.5, 0.00100601, 0.165633
100, 8, D, 20, 4, 0.2, 0.5, 0.000903487, 0.1396
100, 8, D, 20, 8, 0.2, 0.5, 0.202061, 0.187467
100, 8, D, 20, 16, 0.2, 0.5, 0.140181, 0.151829
100, 8, D, 20, 32, 0.2, 0.5, 0.220623, 0.276582
100, 8, D, 20, 64, 0.2, 0.5, 0.00104862, 0.68779
100, 8, D, 20, 128, 0.2, 0.5, 4.58658e-05, 0
100, 8, D, 20, 256, 0.2, 0.5, 4.07398e-05, 0
100, 8, D, 20, 512, 0.2, 0.5, 4.20213e-05, 0
100, 8, D, 40, 1, 0.2, 0.5, 0.00165176, 0.331167
100, 8, D, 40, 2, 0.2, 0.5, 0.00165325, 0.276967
100, 8, D, 40, 4, 0.2, 0.5, 0.00156137, 0.201483
100, 8, D, 40, 8, 0.2, 0.5, 0.00148675, 0.197739
100, 8, D, 40, 16, 0.2, 0.5, 0.0572837, 0.163087
100, 8, D, 40, 32, 0.2, 0.5, 0.152034, 0.282829
100, 8, D, 40, 64, 0.2, 0.5, 0.0671559, 0.653942
100, 8, D, 40, 128, 0.2, 0.5, 3.47495e-05, 0
100, 8, D, 40, 256, 0.2, 0.5, 3.31402e-05, 0
100, 8, D, 40, 512, 0.2, 0.5, 3.32594e-05, 0
100, 8, D, 60, 1, 0.2, 0.5, 0.00249299, 0.45195
100, 8, D, 60, 2, 0.2, 0.5, 0.00240114, 0.351033
100, 8, D, 60, 4, 0.2, 0.5, 0.177827, 0.2287
100, 8, D, 60, 8, 0.2, 0.5, 0.0647169, 0.204855
100, 8, D, 60, 16, 0.2, 0.5, 0.376976, 0.16403
100, 8, D, 60, 32, 0.2, 0.5, 0.00166273, 0.296906
100, 8, D, 60, 64, 0.2, 0.5, 0.0115803, 0.669895
100, 8, D, 60, 128, 0.2, 0.5, 3.68655e-05, 0
100, 8, D, 60, 256, 0.2, 0.5, 3.52263e-05, 0
100, 8, D, 60, 512, 0.2, 0.5, 0.000519991, 0
100, 8, D, 80, 1, 0.2, 0.5, 0.00372201, 0.55485
100, 8, D, 80, 2, 0.2, 0.5, 0.00318301, 0.401217
100, 8, D, 80, 4, 0.2, 0.5, 0.164804, 0.24065
100, 8, D, 80, 8, 0.2, 0.5, 0.420298, 0.205181
100, 8, D, 80, 16, 0.2, 0.5, 0.395252, 0.156503
100, 8, D, 80, 32, 0.2, 0.5, 0.211122, 0.286593
100, 8, D, 80, 64, 0.2, 0.5, 0.0392554, 0.674287
100, 8, D, 80, 128, 0.2, 0.5, 3.54946e-05, 0
100, 8, D, 80, 256, 0.2, 0.5, 4.14848e-05, 0
100, 8, D, 80, 512, 0.2, 0.5, 4.25279e-05, 0
100, 8, D, 100, 1, 0.2, 0.5, 0.383856, 0.636117
100, 8, D, 100, 2, 0.2, 0.5, 0.00393263, 0.4339
100, 8, D, 100, 4, 0.2, 0.5, 0.0036751, 0.245933
100, 8, D, 100, 8, 0.2, 0.5, 0.00354788, 0.218375
100, 8, D, 100, 16, 0.2, 0.5, 0.00364912, 0.163
100, 8, D, 100, 32, 0.2, 0.5, 0.184138, 0.265456
100, 8, D, 100, 64, 0.2, 0.5, 0.00310475, 0.689116
100, 8, D, 100, 128, 0.2, 0.5, 0.000117481, 0
100, 8, D, 100, 256, 0.2, 0.5, 0.000383615, 0
100, 8, D, 100, 512, 0.2, 0.5, 0.000175118, 0
500, 8, D, 100, 1, 0.2, 0.5, 0.338803, 0.181303
500, 8, D, 100, 2, 0.2, 0.5, 0.00420311, 0.164977
500, 8, D, 100, 4, 0.2, 0.5, 0.00419837, 0.178231
500, 8, D, 100, 8, 0.2, 0.5, 0.00976914, 0.131055
500, 8, D, 100, 16, 0.2, 0.5, 0.00373587, 0.196215
500, 8, D, 100, 32, 0.2, 0.5, 0.370545, 0.168491
500, 8, D, 100, 64, 0.2, 0.5, 0.141532, 0.179438
500, 8, D, 100, 128, 0.2, 0.5, 0.163357, 0.250161
500, 8, D, 100, 256, 0.2, 0.5, 0.00317976, 0.56826
500, 8, D, 100, 512, 0.2, 0.5, 4.09782e-05, 0
500, 8, D, 200, 1, 0.2, 0.5, 0.008589, 0.329697
500, 8, D, 200, 2, 0.2, 0.5, 0.0928957, 0.275403
500, 8, D, 200, 4, 0.2, 0.5, 0.00922838, 0.254861
500, 8, D, 200, 8, 0.2, 0.5, 0.00856251, 0.151275
500, 8, D, 200, 16, 0.2, 0.5, 0.138957, 0.206221
500, 8, D, 200, 32, 0.2, 0.5, 0.00726551, 0.168578
500, 8, D, 200, 64, 0.2, 0.5, 0.00715974, 0.186283
500, 8, D, 200, 128, 0.2, 0.5, 0.0066545, 0.270158
500, 8, D, 200, 256, 0.2, 0.5, 0.00625762, 0.596687
500, 8, D, 200, 512, 0.2, 0.5, 3.66271e-05, 0
500, 8, D, 300, 1, 0.2, 0.5, 0.0125634, 0.451323
500, 8, D, 300, 2, 0.2, 0.5, 0.0121748, 0.34999
500, 8, D, 300, 4, 0.2, 0.5, 0.0119324, 0.286815
500, 8, D, 300, 8, 0.2, 0.5, 0.0112082, 0.152874
500, 8, D, 300, 16, 0.2, 0.5, 0.305638, 0.19953
500, 8, D, 300, 32, 0.2, 0.5, 0.010728, 0.16954
500, 8, D, 300, 64, 0.2, 0.5, 0.0103906, 0.173988
500, 8, D, 300, 128, 0.2, 0.5, 0.0096449, 0.272104
500, 8, D, 300, 256, 0.2, 0.5, 0.00904888, 0.577913
500, 8, D, 300, 512, 0.2, 0.5, 3.91304e-05, 0
500, 8, D, 400, 1, 0.2, 0.5, 0.0168172, 0.550843
500, 8, D, 400, 2, 0.2, 0.5, 0.0164014, 0.398497
500, 8, D, 400, 4, 0.2, 0.5, 0.0161829, 0.304089
500, 8, D, 400, 8, 0.2, 0.5, 0.0151301, 0.1578
500, 8, D, 400, 16, 0.2, 0.5, 0.014963, 0.203447
500, 8, D, 400, 32, 0.2, 0.5, 0.0144481, 0.17791
500, 8, D, 400, 64, 0.2, 0.5, 0.0138696, 0.170951
500, 8, D, 400, 128, 0.2, 0.5, 0.0133851, 0.273827
500, 8, D, 400, 256, 0.2, 0.5, 0.0121745, 0.618587
500, 8, D, 400, 512, 0.2, 0.5, 4.51207e-05, 0
500, 8, D, 500, 1, 0.2, 0.5, 0.0207537, 0.632993
500, 8, D, 500, 2, 0.2, 0.5, 0.020194, 0.432687
500, 8, D, 500, 4, 0.2, 0.5, 0.0193564, 0.311396
500, 8, D, 500, 8, 0.2, 0.5, 0.018702, 0.153438
500, 8, D, 500, 16, 0.2, 0.5, 0.0182761, 0.198686
500, 8, D, 500, 32, 0.2, 0.5, 0.0177649, 0.193883
500, 8, D, 500, 64, 0.2, 0.5, 0.0172764, 0.180599
500, 8, D, 500, 128, 0.2, 0.5, 0.0149906, 0.256243
500, 8, D, 500, 256, 0.2, 0.5, 0.0152229, 0.549605
500, 8, D, 500, 512, 0.2, 0.5, 3.62694e-05, 0
1000, 8, D, 200, 1, 0.2, 0.5, 0.1164, 0.181248
1000, 8, D, 200, 2, 0.2, 0.5, 0.00866124, 0.164642
1000, 8, D, 200, 4, 0.2, 0.5, 0.252314, 0.137963
1000, 8, D, 200, 8, 0.2, 0.5, 0.00787726, 0.192052
1000, 8, D, 200, 16, 0.2, 0.5, 0.00771475, 0.132215
1000, 8, D, 200, 32, 0.2, 0.5, 0.00737312, 0.199527
1000, 8, D, 200, 64, 0.2, 0.5, 0.00717101, 0.158107
1000, 8, D, 200, 128, 0.2, 0.5, 0.00695777, 0.18472
1000, 8, D, 200, 256, 0.2, 0.5, 0.00677261, 0.290161
1000, 8, D, 200, 512, 0.2, 0.5, 0.00619599, 0.589786
1000, 8, D, 400, 1, 0.2, 0.5, 0.0172531, 0.329862
1000, 8, D, 400, 2, 0.2, 0.5, 0.0168236, 0.275205
1000, 8, D, 400, 4, 0.2, 0.5, 0.120714, 0.199987
1000, 8, D, 400, 8, 0.2, 0.5, 0.0433344, 0.225499
1000, 8, D, 400, 16, 0.2, 0.5, 0.0149799, 0.130964
1000, 8, D, 400, 32, 0.2, 0.5, 0.0147469, 0.189166
1000, 8, D, 400, 64, 0.2, 0.5, 0.0143614, 0.177521
1000, 8, D, 400, 128, 0.2, 0.5, 0.0161919, 0.179393
1000, 8, D, 400, 256, 0.2, 0.5, 0.0132021, 0.252753
1000, 8, D, 400, 512, 0.2, 0.5, 0.0121761, 0.580723
1000, 8, D, 600, 1, 0.2, 0.5, 0.0258259, 0.451628
1000, 8, D, 600, 2, 0.2, 0.5, 0.0251455, 0.34958
1000, 8, D, 600, 4, 0.2, 0.5, 0.470707, 0.227448
1000, 8, D, 600, 8, 0.2, 0.5, 0.0232254, 0.233339
1000, 8, D, 600, 16, 0.2, 0.5, 0.0224828, 0.138027
1000, 8, D, 600, 32, 0.2, 0.5, 0.0221814, 0.188993
1000, 8, D, 600, 64, 0.2, 0.5, 0.0258905, 0.153391
1000, 8, D, 600, 128, 0.2, 0.5, 0.0205517, 0.18822
1000, 8, D, 600, 256, 0.2, 0.5, 0.0197755, 0.268539
1000, 8, D, 600, 512, 0.2, 0.5, 0.0183559, 0.624116
1000, 8, D, 800, 1, 0.2, 0.5, 0.0340466, 0.55111
1000, 8, D, 800, 2, 0.2, 0.5, 0.0327422, 0.399185
1000, 8, D, 800, 4, 0.2, 0.5, 0.0321016, 0.239833
1000, 8, D, 800, 8, 0.2, 0.5, 0.0306541, 0.233283
1000, 8, D, 800, 16, 0.2, 0.5, 0.0304448, 0.128909
1000, 8, D, 800, 32, 0.2, 0.5, 0.0292289, 0.189166
1000, 8, D, 800, 64, 0.2, 0.5, 0.0284198, 0.169185
1000, 8, D, 800, 128, 0.2, 0.5, 0.0273347, 0.175394
1000, 8, D, 800, 256, 0.2, 0.5, 0.0267104, 0.247268
1000, 8, D, 800, 512, 0.2, 0.5, 0.0245978, 0.591417
1000, 8, D, 1000, 1, 0.2, 0.5, 0.043035, 0.63261
1000, 8, D, 1000, 2, 0.2, 0.5, 0.150182, 0.432775
1000, 8, D, 1000, 4, 0.2, 0.5, 0.0443896, 0.245655
1000, 8, D, 1000, 8, 0.2, 0.5, 0.0387166, 0.236863
1000, 8, D, 1000, 16, 0.2, 0.5, 0.0387196, 0.127796
1000, 8, D, 1000, 32, 0.2, 0.5, 0.0368358, 0.192374
1000, 8, D, 1000, 64, 0.2, 0.5, 0.0362781, 0.164844
1000, 8, D, 1000, 128, 0.2, 0.5, 0.0345109, 0.177819
1000, 8, D, 1000, 256, 0.2, 0.5, 0.0346458, 0.279485
1000, 8, D, 1000, 512, 0.2, 0.5, 0.0302795, 0.556677
5000, 8, D, 1000, 1, 0.2, 0.5, 0.0440085, 0.181432
5000, 8, D, 1000, 2, 0.2, 0.5, 0.0442013, 0.1649
5000, 8, D, 1000, 4, 0.2, 0.5, 0.0426263, 0.137613
5000, 8, D, 1000, 8, 0.2, 0.5, 0.0418494, 0.167896
5000, 8, D, 1000, 16, 0.2, 0.5, 0.0404856, 0.145264
5000, 8, D, 1000, 32, 0.2, 0.5, 0.0389234, 0.181428
5000, 8, D, 1000, 64, 0.2, 0.5, 0.037476, 0.133325
5000, 8, D, 1000, 128, 0.2, 0.5, 0.0370484, 0.193805
5000, 8, D, 1000, 256, 0.2, 0.5, 0.0358846, 0.135831
5000, 8, D, 1000, 512, 0.2, 0.5, 0.0349467, 0.202104
5000, 8, D, 2000, 1, 0.2, 0.5, 0.0885665, 0.329686
5000, 8, D, 2000, 2, 0.2, 0.5, 0.087292, 0.275572
5000, 8, D, 2000, 4, 0.2, 0.5, 0.0845351, 0.199613
5000, 8, D, 2000, 8, 0.2, 0.5, 0.0810165, 0.203547
5000, 8, D, 2000, 16, 0.2, 0.5, 0.0791472, 0.151421
5000, 8, D, 2000, 32, 0.2, 0.5, 0.076763, 0.187217
5000, 8, D, 2000, 64, 0.2, 0.5, 0.0750097, 0.138188
5000, 8, D, 2000, 128, 0.2, 0.5, 0.0731296, 0.19501
5000, 8, D, 2000, 256, 0.2, 0.5, 0.0718181, 0.138406
5000, 8, D, 2000, 512, 0.2, 0.5, 0.069858, 0.196881
5000, 8, D, 3000, 1, 0.2, 0.5, 0.133547, 0.4511
5000, 8, D, 3000, 2, 0.2, 0.5, 0.130273, 0.349448
5000, 8, D, 3000, 4, 0.2, 0.5, 0.124126, 0.227396
5000, 8, D, 3000, 8, 0.2, 0.5, 0.120417, 0.209229
5000, 8, D, 3000, 16, 0.2, 0.5, 0.11714, 0.146376
5000, 8, D, 3000, 32, 0.2, 0.5, 0.113946, 0.198845
5000, 8, D, 3000, 64, 0.2, 0.5, 0.112355, 0.132961
5000, 8, D, 3000, 128, 0.2, 0.5, 0.109603, 0.186039
5000, 8, D, 3000, 256, 0.2, 0.5, 0.108045, 0.140603
5000, 8, D, 3000, 512, 0.2, 0.5, 0.104054, 0.198436
5000, 8, D, 4000, 1, 0.2, 0.5, 0.178447, 0.550942
5000, 8, D, 4000, 2, 0.2, 0.5, 0.17407, 0.399106
5000, 8, D, 4000, 4, 0.2, 0.5, 0.164235, 0.239808
5000, 8, D, 4000, 8, 0.2, 0.5, 0.158924, 0.21286
5000, 8, D, 4000, 16, 0.2, 0.5, 0.157438, 0.156303
5000, 8, D, 4000, 32, 0.2, 0.5, 0.153267, 0.195509
5000, 8, D, 4000, 64, 0.2, 0.5, 0.149998, 0.13908
5000, 8, D, 4000, 128, 0.2, 0.5, 0.147162, 0.205104
5000, 8, D, 4000, 256, 0.2, 0.5, 0.144249, 0.140058
5000, 8, D, 4000, 512, 0.2, 0.5, 0.139868, 0.186033
5000, 8, D, 5000, 1, 0.2, 0.5, 0.22166, 0.632182
5000, 8, D, 5000, 2, 0.2, 0.5, 0.213374, 0.432573
5000, 8, D, 5000, 4, 0.2, 0.5, 0.204142, 0.245428
5000, 8, D, 5000, 8, 0.2, 0.5, 0.19842, 0.212039
5000, 8, D, 5000, 16, 0.2, 0.5, 0.193696, 0.151508
5000, 8, D, 5000, 32, 0.2, 0.5, 0.190001, 0.183918
5000, 8, D, 5000, 64, 0.2, 0.5, 0.187374, 0.142647
5000, 8, D, 5000, 128, 0.2, 0.5, 0.182892, 0.200394
5000, 8, D, 5000, 256, 0.2, 0.5, 0.179089, 0.13907
5000, 8, D, 5000, 512, 0.2, 0.5, 0.173892, 0.204193
10000, 8, D, 2000, 1, 0.2, 0.5, 0.0896819, 0.181309
10000, 8, D, 2000, 2, 0.2, 0.5, 0.089123, 0.164844
10000, 8, D, 2000, 4, 0.2, 0.5, 0.0874451, 0.137717
10000, 8, D, 2000, 8, 0.2, 0.5, 0.08423, 0.11957
10000, 8, D, 2000, 16, 0.2, 0.5, 0.0808782, 0.173309
10000, 8, D, 2000, 32, 0.2, 0.5, 0.0788693, 0.143405
10000, 8, D, 2000, 64, 0.2, 0.5, 0.0769194, 0.180421
10000, 8, D, 2000, 128, 0.2, 0.5, 0.0761906, 0.13964
10000, 8, D, 2000, 256, 0.2, 0.5, 0.0731171, 0.188831
10000, 8, D, 2000, 512, 0.2, 0.5, 0.0723465, 0.135882
10000, 8, D, 4000, 1, 0.2, 0.5, 0.182093, 0.329723
10000, 8, D, 4000, 2, 0.2, 0.5, 0.179835, 0.27535
10000, 8, D, 4000, 4, 0.2, 0.5, 0.173014, 0.199541
10000, 8, D, 4000, 8, 0.2, 0.5, 0.165291, 0.145985
10000, 8, D, 4000, 16, 0.2, 0.5, 0.15891, 0.182374
10000, 8, D, 4000, 32, 0.2, 0.5, 0.155831, 0.133344
10000, 8, D, 4000, 64, 0.2, 0.5, 0.152005, 0.192581
10000, 8, D, 4000, 128, 0.2, 0.5, 0.148613, 0.13967
10000, 8, D, 4000, 256, 0.2, 0.5, 0.147521, 0.202964
10000, 8, D, 4000, 512, 0.2, 0.5, 0.145339, 0.136961
10000, 8, D, 6000, 1, 0.2, 0.5, 0.27972, 0.45113
10000, 8, D, 6000, 2, 0.2, 0.5, 0.268637, 0.349504
10000, 8, D, 6000, 4, 0.2, 0.5, 0.256679, 0.227241
10000, 8, D, 6000, 8, 0.2, 0.5, 0.245387, 0.149902
10000, 8, D, 6000, 16, 0.2, 0.5, 0.237083, 0.196982
10000, 8, D, 6000, 32, 0.2, 0.5, 0.233394, 0.139765
10000, 8, D, 6000, 64, 0.2, 0.5, 0.228968, 0.1995
10000, 8, D, 6000, 128, 0.2, 0.5, 0.224426, 0.137212
10000, 8, D, 6000, 256, 0.2, 0.5, 0.220546, 0.184032
10000, 8, D, 6000, 512, 0.2, 0.5, 0.215101, 0.136024
10000, 8, D, 8000, 1, 0.2, 0.5, 0.373632, 0.550585
10000, 8, D, 8000, 2, 0.2, 0.5, 0.356687, 0.399041
10000, 8, D, 8000, 4, 0.2, 0.5, 0.337598, 0.239806
10000, 8, D, 8000, 8, 0.2, 0.5, 0.325377, 0.149678
10000, 8, D, 8000, 16, 0.2, 0.5, 0.317335, 0.180604
10000, 8, D, 8000, 32, 0.2, 0.5, 0.312181, 0.141265
10000, 8, D, 8000, 64, 0.2, 0.5, 0.302917, 0.184357
10000, 8, D, 8000, 128, 0.2, 0.5, 0.3002, 0.139749
10000, 8, D, 8000, 256, 0.2, 0.5, 0.294193, 0.18971
10000, 8, D, 8000, 512, 0.2, 0.5, 0.290122, 0.141377
10000, 8, D, 10000, 1, 0.2, 0.5, 0.466392, 0.63217
10000, 8, D, 10000, 2, 0.2, 0.5, 0.442288, 0.43239
10000, 8, D, 10000, 4, 0.2, 0.5, 0.417108, 0.245403
10000, 8, D, 10000, 8, 0.2, 0.5, 0.402189, 0.154728
10000, 8, D, 10000, 16, 0.2, 0.5, 0.394363, 0.189085
10000, 8, D, 10000, 32, 0.2, 0.5, 0.38685, 0.137824
10000, 8, D, 10000, 64, 0.2, 0.5, 0.380424, 0.205775
10000, 8, D, 10000, 128, 0.2, 0.5, 0.371865, 0.140241
10000, 8, D, 10000, 256, 0.2, 0.5, 0.36816, 0.189062
10000, 8, D, 10000, 512, 0.2, 0.5, 0.361762, 0.136836
50000, 8, D, 10000, 1, 0.2, 0.5, 0.503716, 0.181304
50000, 8, D, 10000, 2, 0.2, 0.5, 0.492518, 0.164857
50000, 8, D, 10000, 4, 0.2, 0.5, 0.478481, 0.181755
50000, 8, D, 10000, 8, 0.2, 0.5, 0.45325, 0.154016
50000, 8, D, 10000, 16, 0.2, 0.5, 0.430911, 0.193265
50000, 8, D, 10000, 32, 0.2, 0.5, 0.408047, 0.179583
50000, 8, D, 10000, 64, 0.2, 0.5, 0.396785, 0.173476
50000, 8, D, 10000, 128, 0.2, 0.5, 0.389066, 0.145665
50000, 8, D, 10000, 256, 0.2, 0.5, 0.383532, 0.18016
50000, 8, D, 10000, 512, 0.2, 0.5, 0.388497, 0.149749
50000, 8, D, 20000, 1, 0.2, 0.5, 1.05636, 0.329685
50000, 8, D, 20000, 2, 0.2, 0.5, 1.01164, 0.275314
50000, 8, D, 20000, 4, 0.2, 0.5, 0.9496, 0.266786
50000, 8, D, 20000, 8, 0.2, 0.5, 0.887027, 0.185243
50000, 8, D, 20000, 16, 0.2, 0.5, 0.838676, 0.202438
50000, 8, D, 20000, 32, 0.2, 0.5, 0.797222, 0.16368
50000, 8, D, 20000, 64, 0.2, 0.5, 0.789194, 0.166615
50000, 8, D, 20000, 128, 0.2, 0.5, 0.774055, 0.159799
50000, 8, D, 20000, 256, 0.2, 0.5, 0.762554, 0.160211
50000, 8, D, 20000, 512, 0.2, 0.5, 0.749425, 0.156891
50000, 8, D, 30000, 1, 0.2, 0.5, 1.62789, 0.451288
50000, 8, D, 30000, 2, 0.2, 0.5, 1.51834, 0.349394
50000, 8, D, 30000, 4, 0.2, 0.5, 1.41757, 0.30103
50000, 8, D, 30000, 8, 0.2, 0.5, 1.30973, 0.192049
50000, 8, D, 30000, 16, 0.2, 0.5, 1.34384, 0.200625
50000, 8, D, 30000, 32, 0.2, 0.5, 1.21073, 0.17437
50000, 8, D, 30000, 64, 0.2, 0.5, 1.17917, 0.188773
50000, 8, D, 30000, 128, 0.2, 0.5, 1.1648, 0.154684
50000, 8, D, 30000, 256, 0.2, 0.5, 1.15245, 0.177833
50000, 8, D, 30000, 512, 0.2, 0.5, 1.12319, 0.157351
50000, 8, D, 40000, 1, 0.2, 0.5, 2.15635, 0.550619
50000, 8, D, 40000, 2, 0.2, 0.5, 2.00972, 0.399122
50000, 8, D, 40000, 4, 0.2, 0.5, 1.8456, 0.312429
50000, 8, D, 40000, 8, 0.2, 0.5, 1.71777, 0.19628
50000, 8, D, 40000, 16, 0.2, 0.5, 1.64012, 0.185462
50000, 8, D, 40000, 32, 0.2, 0.5, 1.58662, 0.173632
50000, 8, D, 40000, 64, 0.2, 0.5, 1.57399, 0.174708
50000, 8, D, 40000, 128, 0.2, 0.5, 1.55622, 0.167543
50000, 8, D, 40000, 256, 0.2, 0.5, 1.57213, 0.186611
50000, 8, D, 40000, 512, 0.2, 0.5, 1.52985, 0.163383
50000, 8, D, 50000, 1, 0.2, 0.5, 2.98178, 0.632128
50000, 8, D, 50000, 2, 0.2, 0.5, 2.76786, 0.432327
50000, 8, D, 50000, 4, 0.2, 0.5, 2.31261, 0.317658
50000, 8, D, 50000, 8, 0.2, 0.5, 2.21747, 0.192712
50000, 8, D, 50000, 16, 0.2, 0.5, 2.17367, 0.19522
50000, 8, D, 50000, 32, 0.2, 0.5, 2.08201, 0.166337
50000, 8, D, 50000, 64, 0.2, 0.5, 2.0116, 0.176487
50000, 8, D, 50000, 128, 0.2, 0.5, 1.98425, 0.159829
50000, 8, D, 50000, 256, 0.2, 0.5, 1.96585, 0.163679
50000, 8, D, 50000, 512, 0.2, 0.5, 1.92889, 0.16162
100000, 8, D, 20000, 1, 0.2, 0.5, 1.17371, 0.181275
100000, 8, D, 20000, 2, 0.2, 0.5, 1.06602, 0.164866
100000, 8, D, 20000, 4, 0.2, 0.5, 1.01515, 0.137673
100000, 8, D, 20000, 8, 0.2, 0.5, 0.950593, 0.176088
100000, 8, D, 20000, 16, 0.2, 0.5, 0.887532, 0.160175
100000, 8, D, 20000, 32, 0.2, 0.5, 0.843622, 0.17716
100000, 8, D, 20000, 64, 0.2, 0.5, 0.800131, 0.153039
100000, 8, D, 20000, 128, 0.2, 0.5, 0.788252, 0.178698
100000, 8, D, 20000, 256, 0.2, 0.5, 0.795838, 0.165993
100000, 8, D, 20000, 512, 0.2, 0.5, 0.779178, 0.175424
100000, 8, D, 40000, 1, 0.2, 0.5, 2.30979, 0.329642
100000, 8, D, 40000, 2, 0.2, 0.5, 2.20297, 0.275334
100000, 8, D, 40000, 4, 0.2, 0.5, 2.03394, 0.199533
100000, 8, D, 40000, 8, 0.2, 0.5, 1.86213, 0.215731
100000, 8, D, 40000, 16, 0.2, 0.5, 1.74183, 0.17193
100000, 8, D, 40000, 32, 0.2, 0.5, 1.65609, 0.168244
100000, 8, D, 40000, 64, 0.2, 0.5, 1.59239, 0.15387
100000, 8, D, 40000, 128, 0.2, 0.5, 1.56996, 0.17084
100000, 8, D, 40000, 256, 0.2, 0.5, 1.56269, 0.160419
100000, 8, D, 40000, 512, 0.2, 0.5, 1.52209, 0.179118
100000, 8, D, 60000, 1, 0.2, 0.5, 3.52388, 0.451124
100000, 8, D, 60000, 2, 0.2, 0.5, 3.32619, 0.349365
100000, 8, D, 60000, 4, 0.2, 0.5, 3.02582, 0.227341
100000, 8, D, 60000, 8, 0.2, 0.5, 2.75051, 0.237568
100000, 8, D, 60000, 16, 0.2, 0.5, 2.56134, 0.169781
100000, 8, D, 60000, 32, 0.2, 0.5, 2.48208, 0.187245
100000, 8, D, 60000, 64, 0.2, 0.5, 2.40365, 0.161184
100000, 8, D, 60000, 128, 0.2, 0.5, 2.3581, 0.174528
100000, 8, D, 60000, 256, 0.2, 0.5, 2.32628, 0.155499
100000, 8, D, 60000, 512, 0.2, 0.5, 2.30404, 0.17312
100000, 8, D, 80000, 1, 0.2, 0.5, 4.7821, 0.550696
100000, 8, D, 80000, 2, 0.2, 0.5, 4.43198, 0.399043
100000, 8, D, 80000, 4, 0.2, 0.5, 4.00505, 0.23981
100000, 8, D, 80000, 8, 0.2, 0.5, 3.63737, 0.231123
100000, 8, D, 80000, 16, 0.2, 0.5, 3.40354, 0.171608
100000, 8, D, 80000, 32, 0.2, 0.5, 3.28372, 0.176684
100000, 8, D, 80000, 64, 0.2, 0.5, 3.17089, 0.165494
100000, 8, D, 80000, 128, 0.2, 0.5, 3.13664, 0.168759
100000, 8, D, 80000, 256, 0.2, 0.5, 3.10079, 0.152937
100000, 8, D, 80000, 512, 0.2, 0.5, 3.06022, 0.170449
100000, 8, D, 100000, 1, 0.2, 0.5, 6.01074, 0.63209
100000, 8, D, 100000, 2, 0.2, 0.5, 5.51529, 0.432296
100000, 8, D, 100000, 4, 0.2, 0.5, 4.98043, 0.245428
100000, 8, D, 100000, 8, 0.2, 0.5, 4.47356, 0.229209
100000, 8, D, 100000, 16, 0.2, 0.5, 4.34076, 0.16276
100000, 8, D, 100000, 32, 0.2, 0.5, 4.11183, 0.178839
100000, 8, D, 100000, 64, 0.2, 0.5, 3.98098, 0.149518
100000, 8, D, 100000, 128, 0.2, 0.5, 3.90005, 0.19689
100000, 8, D, 100000, 256, 0.2, 0.5, 3.96919, 0.156433
100000, 8, D, 100000, 512, 0.2, 0.5, 3.9938, 0.178456
500000, 8, D, 100000, 1, 0.2, 0.5, 7.44446, 0.181262
500000, 8, D, 100000, 2, 0.2, 0.5, 6.62412, 0.164842
500000, 8, D, 100000, 4, 0.2, 0.5, 6.54726, 0.174096
500000, 8, D, 100000, 8, 0.2, 0.5, 5.7204, 0.126351
500000, 8, D, 100000, 16, 0.2, 0.5, 5.18932, 0.17571
500000, 8, D, 100000, 32, 0.2, 0.5, 4.67433, 0.135334
500000, 8, D, 100000, 64, 0.2, 0.5, 4.27279, 0.176716
500000, 8, D, 100000, 128, 0.2, 0.5, 4.13216, 0.135503
500000, 8, D, 100000, 256, 0.2, 0.5, 3.99852, 0.165884
500000, 8, D, 100000, 512, 0.2, 0.5, 3.93547, 0.128709
500000, 8, D, 200000, 1, 0.2, 0.5, 13.8523, 0.329671
500000, 8, D, 200000, 2, 0.2, 0.5, 13.4776, 0.275313
500000, 8, D, 200000, 4, 0.2, 0.5, 12.2268, 0.256323
500000, 8, D, 200000, 8, 0.2, 0.5, 11.1335, 0.153374
500000, 8, D, 200000, 16, 0.2, 0.5, 9.95295, 0.182105
500000, 8, D, 200000, 32, 0.2, 0.5, 9.2045, 0.142549
500000, 8, D, 200000, 64, 0.2, 0.5, 8.49413, 0.178934
500000, 8, D, 200000, 128, 0.2, 0.5, 8.28973, 0.143793
500000, 8, D, 200000, 256, 0.2, 0.5, 8.01595, 0.178956
500000, 8, D, 200000, 512, 0.2, 0.5, 7.86669, 0.139624
500000, 8, D, 300000, 1, 0.2, 0.5, 21.4898, 0.451181
500000, 8, D, 300000, 2, 0.2, 0.5, 19.8605, 0.349399
500000, 8, D, 300000, 4, 0.2, 0.5, 18.3679, 0.289102
500000, 8, D, 300000, 8, 0.2, 0.5, 16.5757, 0.157448
500000, 8, D, 300000, 16, 0.2, 0.5, 15.0987, 0.185821
500000, 8, D, 300000, 32, 0.2, 0.5, 13.9423, 0.138918
500000, 8, D, 300000, 64, 0.2, 0.5, 12.8615, 0.174363
500000, 8, D, 300000, 128, 0.2, 0.5, 12.3243, 0.14157
500000, 8, D, 300000, 256, 0.2, 0.5, 12.2008, 0.171301
500000, 8, D, 300000, 512, 0.2, 0.5, 11.8023, 0.136403
500000, 8, D, 400000, 1, 0.2, 0.5, 28.3018, 0.550689
500000, 8, D, 400000, 2, 0.2, 0.5, 26.4793, 0.39904
500000, 8, D, 400000, 4, 0.2, 0.5, 23.9473, 0.313816
500000, 8, D, 400000, 8, 0.2, 0.5, 21.9105, 0.161468
500000, 8, D, 400000, 16, 0.2, 0.5, 20.0259, 0.179062
500000, 8, D, 400000, 32, 0.2, 0.5, 18.5841, 0.131892
500000, 8, D, 400000, 64, 0.2, 0.5, 17.3884, 0.176291
500000, 8, D, 400000, 128, 0.2, 0.5, 16.4655, 0.135352
500000, 8, D, 400000, 256, 0.2, 0.5, 15.9062, 0.169221
500000, 8, D, 400000, 512, 0.2, 0.5, 15.7225, 0.131813
500000, 8, D, 500000, 1, 0.2, 0.5, 36.374, 0.632136
500000, 8, D, 500000, 2, 0.2, 0.5, 32.5049, 0.43233
500000, 8, D, 500000, 4, 0.2, 0.5, 30.2062, 0.315292
500000, 8, D, 500000, 8, 0.2, 0.5, 26.8493, 0.161683
500000, 8, D, 500000, 16, 0.2, 0.5, 24.413, 0.180178
500000, 8, D, 500000, 32, 0.2, 0.5, 22.8569, 0.137311
500000, 8, D, 500000, 64, 0.2, 0.5, 21.3156, 0.171917
500000, 8, D, 500000, 128, 0.2, 0.5, 20.5701, 0.140919
500000, 8, D, 500000, 256, 0.2, 0.5, 19.9692, 0.171778
500000, 8, D, 500000, 512, 0.2, 0.5, 19.679, 0.137543
1000000, 8, D, 200000, 1, 0.2, 0.5, 14.5082, 0.181266
1000000, 8, D, 200000, 2, 0.2, 0.5, 14.0942, 0.16484
1000000, 8, D, 200000, 4, 0.2, 0.5, 13.4581, 0.137661
1000000, 8, D, 200000, 8, 0.2, 0.5, 12.4529, 0.188413
1000000, 8, D, 200000, 16, 0.2, 0.5, 11.2452, 0.160102
1000000, 8, D, 200000, 32, 0.2, 0.5, 10.1908, 0.17383
1000000, 8, D, 200000, 64, 0.2, 0.5, 9.20903, 0.141381
1000000, 8, D, 200000, 128, 0.2, 0.5, 8.58594, 0.182366
1000000, 8, D, 200000, 256, 0.2, 0.5, 8.24505, 0.130989
1000000, 8, D, 200000, 512, 0.2, 0.5, 7.97063, 0.180123
1000000, 8, D, 400000, 1, 0.2, 0.5, 30.2657, 0.329669
1000000, 8, D, 400000, 2, 0.2, 0.5, 28.9489, 0.275343
1000000, 8, D, 400000, 4, 0.2, 0.5, 26.951, 0.199521
1000000, 8, D, 400000, 8, 0.2, 0.5, 24.4452, 0.2342
1000000, 8, D, 400000, 16, 0.2, 0.5, 22.1019, 0.155581
1000000, 8, D, 400000, 32, 0.2, 0.5, 19.9417, 0.189059
1000000, 8, D, 400000, 64, 0.2, 0.5, 18.4675, 0.134224
1000000, 8, D, 400000, 128, 0.2, 0.5, 17.1539, 0.182263
1000000, 8, D, 400000, 256, 0.2, 0.5, 16.7064, 0.134325
1000000, 8, D, 400000, 512, 0.2, 0.5, 16.0121, 0.175843
1000000, 8, D, 600000, 1, 0.2, 0.5, 46.489, 0.451191
1000000, 8, D, 600000, 2, 0.2, 0.5, 43.804, 0.349417
1000000, 8, D, 600000, 4, 0.2, 0.5, 40.0551, 0.227321
1000000, 8, D, 600000, 8, 0.2, 0.5, 36.2942, 0.239424
1000000, 8, D, 600000, 16, 0.2, 0.5, 32.8421, 0.15695
1000000, 8, D, 600000, 32, 0.2, 0.5, 30.0339, 0.177353
1000000, 8, D, 600000, 64, 0.2, 0.5, 27.4408, 0.133162
1000000, 8, D, 600000, 128, 0.2, 0.5, 25.7585, 0.178111
1000000, 8, D, 600000, 256, 0.2, 0.5, 24.7397, 0.140735
1000000, 8, D, 600000, 512, 0.2, 0.5, 23.8732, 0.163767
1000000, 8, D, 800000, 1, 0.2, 0.5, 62.5698, 0.550669
1000000, 8, D, 800000, 2, 0.2, 0.5, 58.1458, 0.399045
1000000, 8, D, 800000, 4, 0.2, 0.5, 53.0976, 0.239811
1000000, 8, D, 800000, 8, 0.2, 0.5, 48.0582, 0.233769
1000000, 8, D, 800000, 16, 0.2, 0.5, 43.7318, 0.156807
1000000, 8, D, 800000, 32, 0.2, 0.5, 39.4777, 0.19104
1000000, 8, D, 800000, 64, 0.2, 0.5, 36.032, 0.129938
1000000, 8, D, 800000, 128, 0.2, 0.5, 34.2107, 0.178478
1000000, 8, D, 800000, 256, 0.2, 0.5, 32.9857, 0.133763
1000000, 8, D, 800000, 512, 0.2, 0.5, 32.015, 0.189985
1000000, 8, D, 1000000, 1, 0.2, 0.5, 78.2772, 0.632133
1000000, 8, D, 1000000, 2, 0.2, 0.5, 72.5077, 0.432338
1000000, 8, D, 1000000, 4, 0.2, 0.5, 65.6173, 0.245422
1000000, 8, D, 1000000, 8, 0.2, 0.5, 58.1128, 0.247128
1000000, 8, D, 1000000, 16, 0.2, 0.5, 54.3708, 0.154863
1000000, 8, D, 1000000, 32, 0.2, 0.5, 48.5701, 0.173087
1000000, 8, D, 1000000, 64, 0.2, 0.5, 45.707, 0.134536
1000000, 8, D, 1000000, 128, 0.2, 0.5, 42.7796, 0.17717
1000000, 8, D, 1000000, 256, 0.2, 0.5, 40.9738, 0.122508
1000000, 8, D, 1000000, 512, 0.2, 0.5, 39.8321, 0.183097
